Date;AAPL;AMZN;DIS;FB;JPM;MCD;NFLX;PG
03.01.2017;110.7;753.67;101.59;116.86;79.506;110.37;127.49;76.237
04.01.2017;110.58;757.18;102.89;118.69;79.653;110.24;129.41;76.509
05.01.2017;111.15;780.45;102.83;120.67;78.92;110.45;131.81;77.015
06.01.2017;112.36;795.99;104.36;123.41;78.93;111.41;131.07;76.989
09.01.2017;113.4;796.92;103.77;124.9;78.987;111.11;130.95;76.418
10.01.2017;113.52;795.9;103.79;124.35;79.214;110.94;129.89;75.594
11.01.2017;114.12;799.02;104.8;126.09;79.811;111.53;130.5;75.831
12.01.2017;113.66;813.64;102.98;126.62;79.039;112.65;129.18;75.911
13.01.2017;113.45;817.24;103.48;128.33;79.461;112.1;133.7;76.068
17.01.2017;114.36;809.72;103.39;127.87;76.575;113.25;132.89;77.152
18.01.2017;114.35;807.48;103.57;127.92;76.932;113.21;133.26;77.508
19.01.2017;114.15;809.04;102.73;127.55;76.356;112.72;138.41;77.3
20.01.2017;114.36;808.33;103.1;127.04;76.685;112.79;138.6;79.807
23.01.2017;114.45;817.88;102.58;128.93;76.723;111.99;137.39;79.36
24.01.2017;114.33;822.44;103.33;129.37;77.646;111.69;140.11;80.18
25.01.2017;116.15;836.52;103.46;131.48;78.85;112.38;139.52;79.543
26.01.2017;116.21;839.15;103.48;132.78;79.506;112.45;138.95;79.032
27.01.2017;116.22;835.75;104.66;132.18;79.672;113.36;142.47;79.142
30.01.2017;115.9;830.38;106.24;130.98;78.85;113.51;141.22;79.169
31.01.2017;115.66;823.48;105.96;130.34;77.565;113.08;140.71;79.944
01.02.2017;122.69;832.35;106.59;133.23;77.858;112.95;140.77;79.697
02.02.2017;122.5;839.95;105.92;130.84;77.528;113.68;139.2;80.089
03.02.2017;123;810.2;105.63;130.98;79.902;114.63;140.25;79.771
06.02.2017;124.19;807.64;104.93;132.06;79.526;114.84;140.97;79.761
07.02.2017;125.33;812.5;104.38;131.84;79.48;114.96;144;80.318
08.02.2017;125.82;819.71;104.38;134.15;78.782;115.03;144.74;80.61
09.02.2017;126.76;821.36;104.85;134.14;79.922;114.86;144.14;80.92
10.02.2017;126.47;827.46;104.62;134.19;79.735;116.08;144.82;80.281
13.02.2017;127.59;836.53;105.01;134.05;80.791;115.81;143.2;80.591
14.02.2017;129.23;836.39;105.66;133.85;82.083;116.07;140.79;80.18
15.02.2017;129.71;842.7;105.51;133.44;83.025;116.69;142.27;83.157
16.02.2017;129.56;844.28;106.01;133.84;82.974;116.89;142.01;82.857
17.02.2017;129.91;845.07;105.4;133.53;82.697;117.93;142.22;83.128
21.02.2017;130.84;856.44;105.35;133.72;83.411;118.16;142.6;83.659
22.02.2017;131.24;855.61;105.46;136.12;83.459;117.98;143.86;83.448
23.02.2017;130.64;852.19;105.08;135.36;83.521;118.34;142.77;83.167
24.02.2017;130.8;845.24;105.65;135.44;82.79;118.68;143.25;83.093
27.02.2017;131.06;848.64;105.56;136.41;82.879;118.05;143.41;82.946
28.02.2017;131.12;845.04;105.43;135.54;83.052;118.63;142.13;83.111
01.03.2017;133.81;853.08;106.34;137.42;85.785;119.94;142.65;83.649
02.03.2017;132.99;848.91;105.9;136.76;84.447;119.17;139.53;82.965
03.03.2017;133.8;849.88;106.53;137.17;85.052;118.86;139.14;82.591
06.03.2017;133.36;846.61;105.98;137.42;84.248;118.98;141.94;82.473
07.03.2017;133.54;846.02;106.16;137.3;83.779;119.02;141.43;82.399
08.03.2017;133.03;850.5;106.14;137.72;83.595;119.04;140.32;82.262
09.03.2017;132.73;853;106.33;138.24;83.925;119.08;140.53;82.444
10.03.2017;133.17;852.2;106.22;138.79;83.661;118.93;140.89;83.111
13.03.2017;133.23;854.59;106.79;139.6;83.734;118.6;143.52;83.331
14.03.2017;133.02;852.53;107.56;139.32;83.87;118.77;143.19;83.047
15.03.2017;134.45;852.97;107.12;139.72;84.073;118.84;145.25;83.412
16.03.2017;134.66;853.42;106.98;139.99;83.99;118.93;144.39;83.448
17.03.2017;133.98;852.31;107.01;139.84;83.111;119.58;145.11;83.047
20.03.2017;135.4;856.97;107.93;139.94;82.514;119.71;145.83;83.245
21.03.2017;133.85;843.2;107;138.51;80.095;119.46;142.42;83.22
22.03.2017;135.36;848.06;107.33;139.59;80.223;119.98;142.65;83.038
23.03.2017;134.87;847.38;107.49;139.53;80.095;119.9;141.84;82.838
24.03.2017;134.62;845.61;107.39;140.34;80.001;120.2;142.02;82.653
27.03.2017;134.83;846.82;107.63;140.32;79.958;120.35;144.06;82.582
28.03.2017;137.64;856;108.26;141.76;81.205;120.31;145.17;82.828
29.03.2017;137.93;874.32;107.76;142.65;80.901;119.75;146.47;82.682
30.03.2017;137.76;876.34;108.37;142.41;81.597;120.18;148.06;82.315
31.03.2017;137.5;886.54;108.58;142.05;80.506;120.45;147.81;81.998
03.04.2017;137.54;891.51;108.39;142.28;80.213;120.45;146.92;81.843
04.04.2017;138.56;906.83;108.25;141.73;80.48;120.16;145.5;82.053
05.04.2017;137.85;909.28;108.21;141.85;79.448;121.22;143.62;82.108
06.04.2017;137.5;898.28;108.26;141.17;79.718;120.97;143.74;81.586
07.04.2017;137.19;894.88;107.81;140.78;79.441;120.78;143.11;81.431
10.04.2017;137.03;907.04;107.66;141.04;79.163;120.8;143.85;81.668
11.04.2017;135.55;902.36;108.28;139.92;79.026;121.94;144.35;81.952
12.04.2017;135.72;896.23;108.25;139.58;78.719;121.98;143.83;82.417
13.04.2017;135;884.67;108.39;139.39;77.798;121.53;142.92;82.162
17.04.2017;135.75;901.99;108.96;141.42;79.145;122.07;147.25;82.491
18.04.2017;135.14;903.78;109.35;140.96;78.5;122.97;143.36;82.866
19.04.2017;134.65;899.2;108.91;142.27;77.853;123.28;139.76;82.396
20.04.2017;136.34;902.06;109.93;143.8;78.859;123.86;141.18;82.147
21.04.2017;136.18;898.53;109.58;143.68;77.91;124;142.87;81.496
24.04.2017;137.48;907.41;108.89;145.47;80.657;124.75;143.83;82.349
25.04.2017;138.33;907.63;110.3;146.49;81.357;131.7;152.16;82.76
26.04.2017;137.52;909.29;110.68;146.56;81.511;130.9;150.17;80.683
27.04.2017;137.63;918.38;110.93;147.7;80.758;130.93;153.08;80.639
28.04.2017;137.49;924.99;110.7;150.25;80.196;130.05;152.2;80.307
01.05.2017;140.3;948.23;109.87;152.46;80.25;131.18;155.35;80.086
02.05.2017;141.19;946.94;109.52;152.78;79.733;131.26;156.45;79.288
03.05.2017;140.77;941.03;106.89;151.8;80.196;132.56;155.59;79.479
04.05.2017;140.25;937.53;106.46;150.85;80.288;133.34;157.25;79.498
05.05.2017;142.58;934.15;107.24;150.24;80.196;133.79;156.6;79.545
08.05.2017;146.45;949.04;106.71;151.06;80.288;134.06;156.38;79.588
09.05.2017;147.4;952.82;107.32;150.48;79.964;134.16;157.46;79.451
10.05.2017;146.68;948.95;105.02;150.29;80.592;134.31;160.28;79.538
11.05.2017;147.95;947.62;104.94;150.04;80.341;134.03;158.53;79.241
12.05.2017;150.03;961.35;105.05;150.33;80.122;135.09;160.81;79.26
15.05.2017;149.63;957.97;104.5;150.19;80.508;135.95;160.02;79.388
16.05.2017;149.42;966.07;103.4;149.78;80.758;136.89;159.41;79.306
17.05.2017;144.4;944.76;101.81;144.85;77.678;136.08;153.2;79.324
18.05.2017;146.61;958.49;102.15;147.66;77.394;136.63;155.7;78.964
19.05.2017;147.1;959.84;102.97;148.06;78.149;137.69;157.02;79.306
22.05.2017;147.99;970.67;103.07;148.24;78.075;137.73;157.16;79.278
23.05.2017;147.84;971.54;102.49;148.07;79.051;137.37;157.95;79.158
24.05.2017;147.38;980.35;103.14;150.04;79.008;138.94;157.75;79.545
25.05.2017;147.9;993.38;102.72;151.96;78.674;139.21;163.05;79.875
26.05.2017;147.65;995.78;103.81;152.14;78.682;139.27;162.43;80.235
30.05.2017;147.71;996.7;103.75;152.38;77.337;139.34;163.22;80.373
31.05.2017;146.8;994.62;103.36;151.46;75.723;140.25;163.07;81.007
01.06.2017;147.22;995.95;103.62;151.53;76.562;142.52;162.99;81.043
02.06.2017;149.41;1006.73;102.64;153.61;76.176;143.77;165.18;81.466
05.06.2017;147.94;1011.34;102;153.63;76.313;142.9;165.06;81.604
06.06.2017;148.44;1003;101.02;152.81;76.47;141.43;165.17;81.658
07.06.2017;149.33;1010.07;101.43;153.12;77.347;142.09;165.61;81.634
08.06.2017;148.96;1010.27;99.9;154.71;78.305;141.63;165.88;80.786
09.06.2017;143.18;978.31;101.14;149.6;80.156;141.68;158.03;81.071
12.06.2017;139.76;964.91;102.51;148.44;80.176;138.85;151.44;81.145
13.06.2017;140.9;980.79;102.04;150.68;80.444;140.12;152.72;80.98
14.06.2017;139.5;976.47;101.65;150.25;80.278;140.92;152.2;81.329
15.06.2017;138.68;964.17;101.49;149.8;79.798;141.38;151.76;82.193
16.06.2017;136.74;987.71;101.03;150.64;79.441;142.14;152.38;82.45
19.06.2017;140.65;995.17;100.91;152.87;81.181;143.23;153.4;82.633
20.06.2017;139.37;992.59;99.53;152.25;80.677;144.09;152.05;82.422
21.06.2017;140.2;1002.23;100.36;153.91;80.306;143.77;155.03;82.21
22.06.2017;139.97;1001.3;99.8;153.4;80.213;144.78;154.89;81.872
23.06.2017;140.59;1003.74;99.94;155.07;80.068;144.63;158.02;82.23
26.06.2017;140.15;993.98;101.09;153.59;80.416;143.98;157.5;82.174
27.06.2017;138.13;976.78;100.95;150.58;81.163;143.76;151.03;81.486
28.06.2017;140.16;990.33;102.33;153.24;82.796;144.31;153.41;81.264
29.06.2017;138.08;975.93;101.23;151.04;84.02;143.22;150.09;79.995
30.06.2017;138.41;968;101.76;150.98;84.252;143.25;149.41;80.143
03.07.2017;137.91;953.66;102.91;148.43;85.966;142.62;146.17;80.683
05.07.2017;138.48;971.4;101.15;150.34;86.829;143.16;147.61;80.621
06.07.2017;137.17;965.14;99.71;148.82;86.549;143.18;146.25;80.345
07.07.2017;138.57;978.76;99.68;151.44;86.985;146.16;150.18;80.601
10.07.2017;139.42;996.47;99.94;153.5;86.372;145.44;152.67;80.086
11.07.2017;139.87;994.13;100.18;155.27;86.04;144.89;154.33;79.793
12.07.2017;140.07;1006.51;100.7;158.9;85.743;146.46;158.75;79.966
13.07.2017;142.01;1000.63;100.61;159.26;86.288;145;158.21;79.727
14.07.2017;143.24;1001.81;101.38;159.97;85.503;145.22;161.12;80.096
17.07.2017;143.75;1010.04;101.09;159.73;84.705;145.2;161.7;80.51
18.07.2017;144.24;1024.45;102.02;162.86;84.408;143.98;183.6;81.513
19.07.2017;145.15;1026.87;103.05;164.14;84.529;143.92;183.86;81.884
20.07.2017;144.49;1028.7;103.57;164.53;84.529;144.22;183.6;82.114
21.07.2017;144.42;1025.67;103.32;164.43;84.243;143.95;188.54;82.124
24.07.2017;146.17;1038.95;103.23;166;84.604;142.01;187.91;81.726
25.07.2017;146.79;1040.13;102.66;165.28;86.011;148.75;186.97;82.615
26.07.2017;147.5;1052.8;103.17;165.61;85.205;146.39;189.09;82.761
27.07.2017;144.7;1046;106.12;170.44;84.853;146.77;182.68;84.044
28.07.2017;143.7;1020.04;106.08;172.46;84.604;145.75;184.03;83.608
31.07.2017;142.94;987.78;106.05;169.25;85.086;145.09;181.66;84.171
01.08.2017;144.21;996.19;106.71;169.86;86.226;144.06;182.03;84.431
02.08.2017;151.02;995.89;104.84;169.3;86.298;146.47;180.74;84.377
03.08.2017;149.51;986.92;105.27;168.59;85.733;144.71;179.23;84.21
04.08.2017;150.32;987.41;103.89;169.62;86.81;143.85;180.27;84.034
07.08.2017;152.64;992.27;102.6;171.96;87.144;144.95;181.33;84.746
08.08.2017;153.83;989.84;103.21;171.23;86.829;144.9;178.36;84.877
09.08.2017;154.8;982.01;99.206;171.18;86.688;144.9;175.78;85.192
10.08.2017;149.86;956.92;97.777;167.4;85.447;146.49;169.14;85.026
11.08.2017;151.95;967.99;98.397;168.08;84.733;147.11;171.4;84.655
14.08.2017;154.23;983.3;97.827;170.75;85.724;147.07;171;84.941
15.08.2017;155.91;982.74;97.934;171;85.947;147.41;168.5;85.451
16.08.2017;155.3;978.18;98.595;170;85.354;148.6;169.98;85.674
17.08.2017;152.31;960.57;97.807;166.91;84.019;147.67;166.09;85.331
18.08.2017;151.97;958.47;97.153;167.41;84.102;147.54;166.54;85.7
21.08.2017;151.68;953.29;97.601;167.78;83.999;148.11;166.76;86.064
22.08.2017;154.16;966.9;99.146;169.63;84.863;149.31;169.34;85.997
23.08.2017;154.36;958;97.924;168.71;84.964;148.51;169.06;85.674
24.08.2017;153.67;952.45;97.944;167.74;84.824;148.16;168.13;85.517
25.08.2017;154.24;945.26;98.793;166.32;85.169;148.52;165.95;85.739
28.08.2017;155.78;946.02;98.937;167.24;84.9;149.34;167.12;85.7
29.08.2017;157.2;954.06;98.947;168.05;84.436;149.06;168.81;85.563
30.08.2017;157.63;967.59;99.245;169.92;84.632;150.09;174.69;85.145
31.08.2017;158.23;980.6;97.63;171.97;84.243;150.49;174.71;85.517
01.09.2017;158.27;978.25;97.924;172.02;84.993;150.33;174.74;85.758
05.09.2017;156.37;965.27;98.022;170.72;82.963;149.68;174.52;85.934
06.09.2017;156.21;967.8;97.924;172.09;83.518;148.84;179.25;85.934
07.09.2017;155.6;979.47;93.638;173.21;82.055;150.42;179;86.165
08.09.2017;153.07;965.9;93.648;170.95;81.951;150.25;176.42;86.045
11.09.2017;155.81;977.96;93.667;173.51;83.221;151.96;181.74;87.111
12.09.2017;155.21;982.58;94.44;172.95;84.243;147.07;185.15;86.666
13.09.2017;154.03;999.6;95.335;173.05;84.482;147.71;183.62;86.701
14.09.2017;152.73;992.21;94.449;170.96;84.315;147.71;182.63;86.701
15.09.2017;154.26;986.79;95.048;171.64;84.919;147.63;182.35;86.443
18.09.2017;153.11;974.19;94.641;170.01;86.122;147.4;184.62;86.331
19.09.2017;153.15;969.86;94.959;172.52;87.068;148.11;185.68;87.279
20.09.2017;150.59;973.21;95.713;172.17;87.68;150.4;185.51;87.49
21.09.2017;147.99;964.65;95.404;171.11;88.08;149.62;188.75;85.858
22.09.2017;146.56;955.1;95.123;170.54;87.895;149.51;187.35;85.487
25.09.2017;145.27;939.79;96.059;162.87;87.234;147;178.55;85.934
26.09.2017;147.78;938.6;95.153;164.21;86.846;144.27;179.38;85.868
27.09.2017;148.81;950.87;95.741;167.68;88.218;144.94;181.97;84.22
28.09.2017;147.9;956.4;94.593;168.73;88.404;148.17;180.69;84.238
29.09.2017;148.7;961.35;95.094;170.87;88.524;147.4;181.26;84.32
02.10.2017;148.4;959.19;96.34;169.47;89.757;147.67;177.01;85.053
03.10.2017;149.04;957.1;97.241;169.96;90.227;147.57;179.19;85.377
04.10.2017;148.07;965.45;97.008;168.42;89.312;147.91;184.45;85.656
05.10.2017;149.93;980.85;96.58;171.24;90.514;149.41;194.39;85.294
06.10.2017;149.84;989.51;96.542;172.23;90.355;150.14;198.02;85.573
09.10.2017;150.38;990.99;96.059;172.5;89.88;150.63;196.87;85.377
10.10.2017;150.44;987.2;96.068;171.59;90.551;151.08;195.08;84.914
11.10.2017;151.04;995;95.076;172.74;90.281;153.48;194.95;84.764
12.10.2017;150.53;1000.93;93.512;172.55;89.489;154.21;195.86;85.405
13.10.2017;151.46;1002.94;93.947;173.74;89.366;155.59;199.49;86.23
16.10.2017;154.26;1006.34;94.671;174.52;91.213;155.24;202.68;86.322
17.10.2017;154.84;1009.13;94.892;176.11;91.009;155.62;199.48;86.007
18.10.2017;154.14;997;94.786;176.03;91.352;155.94;195.54;85.979
19.10.2017;150.52;986.61;95.52;174.56;91.466;156.64;195.13;85.521
20.10.2017;150.74;982.91;95.896;174.98;92.765;156.45;194.16;82.403
23.10.2017;150.68;966.3;95.22;171.27;92.612;153.67;192.47;81.517
24.10.2017;151.57;975.9;94.824;171.8;94.084;154.18;196.02;81.219
25.10.2017;150.9;972.91;94.352;170.6;94.178;153.9;193.77;81.105
26.10.2017;151.88;972.43;95.084;170.63;94.851;154.29;195.21;81.702
27.10.2017;157.34;1100.95;94.843;177.88;94.88;155.61;199.54;81.273
30.10.2017;160.86;1110.85;94.583;179.87;94.539;156.38;198.37;80.554
31.10.2017;163.11;1105.28;94.361;180.06;93.792;157.03;196.43;80.62
01.11.2017;161.01;1103.68;95.54;182.66;94.084;156.52;198;81.133
02.11.2017;162.21;1094.22;94.883;178.92;94.711;158.14;199.32;80.78
03.11.2017;166.43;1111.6;95.163;178.92;94.539;158.67;200.01;80.844
06.11.2017;168.13;1120.66;97.095;180.17;93.953;160;200.13;80.35
07.11.2017;168.66;1123.17;98.032;180.25;92.061;160.65;195.89;81.219
08.11.2017;170.06;1132.88;97.611;179.56;91.028;160.03;196.44;81.777
09.11.2017;169.7;1129.13;99.057;179.3;91.019;157.12;193.9;81.964
10.11.2017;169.13;1125.35;101.08;178.46;90.904;155.8;192.02;82.318
13.11.2017;168.46;1129.17;101.04;178.77;91.231;157.45;195.08;83.104
14.11.2017;165.92;1136.84;99.53;178.07;90.683;158.15;195.69;82.983
15.11.2017;163.71;1126.69;100.03;177.95;91.54;157.4;192.12;82.384
16.11.2017;165.7;1137.29;99.95;179.59;91.802;158.14;195.51;83.337
17.11.2017;164.76;1129.88;99.79;179;91.473;156.84;193.2;82.572
20.11.2017;164.59;1126.31;99.126;178.74;92.303;157.05;194.1;82.421
21.11.2017;167.66;1139.49;99.375;181.86;92.23;158.34;196.23;82.843
22.11.2017;169.41;1156.16;99.116;180.87;91.959;159.03;196.32;82.478
24.11.2017;169.42;1186;99.017;182.78;91.66;159.09;195.75;82.59
27.11.2017;168.57;1195.83;99.166;183.03;91.296;158.95;195.05;83.066
28.11.2017;167.6;1193.6;99.76;182.42;94.491;161.2;199.18;83.478
29.11.2017;164.11;1161.21;101.53;175.13;96.708;160.33;188.15;83.458
30.11.2017;166.4;1176.75;101.12;177.18;97.441;162.76;187.58;84.028
01.12.2017;165.65;1162.35;101.54;175.1;97.685;163.6;186.82;84.374
04.12.2017;164.43;1133.95;106.34;171.47;99.71;161.51;184.04;85.354
05.12.2017;164.27;1141.57;103.44;172.83;98.556;163.7;184.21;85.344
06.12.2017;163.68;1152.94;101.75;176.08;97.821;164.18;185.3;85.205
07.12.2017;163.95;1159.79;101.55;180.14;97.53;163.63;185.2;84.13
08.12.2017;164;1162;101.36;179;98.754;163.85;188.54;84.382
11.12.2017;167.2;1169.15;103.89;179.04;98.468;163.95;186.22;84.254
12.12.2017;166.25;1165.08;104.47;176.96;99.61;163;185.73;83.897
13.12.2017;166.81;1164.13;104.65;178.3;98.37;164.25;187.86;84.859
14.12.2017;166.76;1174.26;107.54;178.39;97.568;163.84;189.56;84.97
15.12.2017;168.46;1178.98;108.21;180.18;98.942;164.74;190.12;85.801
18.12.2017;170.84;1190.58;107.97;180.82;99.72;164.87;190.42;85.793
19.12.2017;168.99;1187.43;108.74;179.51;99.318;164.09;187.03;85.605
20.12.2017;168.83;1177.62;106.68;177.89;98.942;162.95;188.82;85.467
21.12.2017;169.46;1174.76;106.56;177.45;100.53;162.64;188.62;85.596
22.12.2017;169.46;1168.36;105.68;177.2;100.16;162.21;189.94;86.026
26.12.2017;165.17;1176.76;105.14;175.99;99.78;162.1;187.76;86.352
27.12.2017;165.2;1182.26;104.68;177.62;99.96;163.41;186.24;85.997
28.12.2017;165.68;1186.1;104.81;177.92;100.49;163.8;192.71;85.969
29.12.2017;163.86;1169.47;104.55;176.46;99.7;162.9;191.96;85.793
02.01.2018;166.8;1189;108.73;181.42;100.64;163.92;201.07;84.644
03.01.2018;166.77;1204.2;109.19;184.67;100.74;163.26;205.05;84.543
04.01.2018;167.56;1209.64;109.15;184.33;102.19;164.4;205.63;85.139
05.01.2018;169.45;1229.14;108.55;186.85;101.47;164.73;209.99;85.196
08.01.2018;168.87;1246.87;106.99;188.28;101.67;164.61;212.23;85.643
09.01.2018;168.81;1252.7;106.91;187.87;102.2;164.24;209.31;85.018
10.01.2018;168.77;1254.33;106.46;187.84;103.32;164.21;212.52;84.476
11.01.2018;169.73;1276.68;107.93;187.77;103.87;164.09;217.24;84.176
12.01.2018;171.46;1305.2;109.37;179.37;105.58;164.27;221.23;83.672
16.01.2018;170.62;1304.86;107.65;178.39;105.22;164.38;221.53;84.244
17.01.2018;173.43;1295;108.9;177.6;105.88;165.59;217.5;85.158
18.01.2018;173.59;1293.32;107.39;179.8;106.14;165.22;220.33;84.847
19.01.2018;172.82;1294.58;107.56;181.29;105.9;166.69;220.46;85.685
22.01.2018;171.39;1327.31;108.04;185.37;107.14;166.76;227.58;86.455
23.01.2018;171.43;1362.54;107.38;189.35;107.03;167.33;250.29;83.784
24.01.2018;168.7;1357.51;107.47;186.55;108.39;166.69;261.3;83.087
25.01.2018;165.71;1377.95;107.52;187.48;108.42;166.25;269.7;83.116
26.01.2018;166.08;1402.05;109.11;190;109;168.8;274.6;82.542
29.01.2018;162.64;1417.68;108.47;185.98;108.86;168.24;284.58;81.724
30.01.2018;161.68;1437.82;107.08;187.12;107.88;163.25;278.8;81.807
31.01.2018;162.13;1450.89;105.68;186.89;108.39;161.96;270.3;81.233
01.02.2018;162.46;1390;107.46;193.09;109.52;162.69;265.07;80.775
02.02.2018;155.42;1429.95;105.71;190.28;107.1;160.3;267.43;79.267
05.02.2018;151.52;1390;101.83;181.26;101.95;155.07;254.26;76.266
06.02.2018;157.87;1442.84;103.25;185.31;105.06;156.32;265.72;77.509
07.02.2018;154.45;1415.15;101.88;180.18;105.76;156.83;264.619;77
08.02.2018;150.25;1350.5;98.565;171.595;101.11;150.44;250.1;75.475
09.02.2018;152.08;1339.6;100.26;176.11;103.12;152.18;249.47;75.193
12.02.2018;158.19;1387.33;100.55;176.4;104.72;155.12;257.99;76.521
13.02.2018;159.79;1414.51;101.25;173.15;105.38;153.7;258.27;76.681
14.02.2018;162.73;1451.05;101.73;179.52;107.8;151.41;266;75.909
15.02.2018;168.2;1461.76;102.29;179.96;108.26;152.17;280.31;77.536
16.02.2018;167.65;1448.69;103.6;177.36;107.48;149.34;278.52;77.716
20.02.2018;167.08;1468.36;103.06;176.01;107.42;148.72;278.55;76.531
21.02.2018;166.32;1482.92;102.16;177.91;107.96;150.13;281.04;75.495
22.02.2018;167.72;1485.34;102.35;178.99;107.75;152.05;278.14;76.061
23.02.2018;170.65;1500;104.3;183.29;109.93;154.3;285.93;76.256
26.02.2018;174.01;1521.95;106.78;184.93;111.29;154.81;294.16;76.804
27.02.2018;173.45;1511.98;101.98;181.46;109.98;152.05;290.61;75.776
28.02.2018;173.2;1512.45;100.32;178.32;108.25;150.23;291.38;73.877
01.03.2018;170.16;1493.45;99.75;175.94;106.3;148.29;290.39;74.045
02.03.2018;171.32;1500.25;100.16;176.62;106.19;141.21;301.05;74.799
05.03.2018;171.9;1523.61;100.57;180.4;107.83;143.84;315;75.543
06.03.2018;171.75;1537.64;102.05;179.78;107.93;144;325.22;75.288
07.03.2018;170.19;1545;100.74;183.71;107.5;145.11;321.16;74.479
08.03.2018;172.02;1551.86;101.17;182.34;107.51;147.09;317;75.241
09.03.2018;174.98;1578.89;101.85;185.23;110.63;149.75;331.44;75.543
12.03.2018;176.68;1598.39;102.28;184.76;110.26;150.23;321.3;75.139
13.03.2018;174.97;1588.18;100.88;181.88;108.93;150.68;315.88;75.007
14.03.2018;173.5;1591;101.04;184.19;107.72;150.7;321.55;74.328
15.03.2018;173.7;1582.32;100.4;183.86;108.01;153.92;321.09;74.019
16.03.2018;173.1;1571.68;100.04;185.09;108.2;154.63;318.45;74.3
19.03.2018;170.45;1544.93;98.694;172.56;107.31;151.44;313.48;74.009
20.03.2018;170.4;1586.51;98.565;168.15;107.41;151.8;317.5;73.678
21.03.2018;166.51;1581.86;99.017;169.39;107.51;151.1;316.48;72.485
22.03.2018;164.17;1544.92;97.836;164.89;103.04;149.56;306.7;71.891
23.03.2018;160.38;1495.56;95.831;159.39;100.27;147.6;300.94;71.421
26.03.2018;167.98;1555.86;97.885;160.06;103.38;150.48;320.35;71.891
27.03.2018;163.66;1497.05;96.628;152.22;101.36;149.99;300.69;73.19
28.03.2018;161.87;1431.42;95.831;153.03;101.22;150.87;285.77;74.178
29.03.2018;163.14;1447.34;97.679;159.79;103.06;148.93;295.35;74.592
02.04.2018;162.06;1371.99;95.947;155.39;101.08;150.21;280.29;72.822
03.04.2018;163.71;1392.05;96.687;156.11;102.47;152.75;283.67;73.819
04.04.2018;166.85;1410.57;98.179;155.1;104.02;154.04;288.94;74.375
05.04.2018;168.01;1451.75;99.305;159.34;105.39;156.14;293.97;74.141
06.04.2018;163.7;1405.23;97.591;157.2;102.74;153.57;288.85;73.793
09.04.2018;165.34;1406.08;96.959;157.93;103.99;153.55;289.93;73.538
10.04.2018;168.45;1436.22;98.585;165.04;105.96;155.02;298.07;73.736
11.04.2018;167.66;1427.05;98.032;166.32;104.18;155.57;303.67;73.642
12.04.2018;169.3;1448.5;97.63;163.87;106.8;153.93;309.25;73.19
13.04.2018;169.89;1430.79;97.591;164.52;103.89;154.04;311.65;73.736
16.04.2018;170.95;1441.5;97.485;164.83;103.8;153.94;307.78;73.961
17.04.2018;173.31;1503.83;99.365;168.66;103.8;154.81;336.06;73.793
18.04.2018;172.92;1527.84;98.427;166.36;102.96;154.11;334.52;73.576
19.04.2018;168.01;1556.91;98.121;168.1;105.24;151.93;332.7;71.173
20.04.2018;161.12;1527.49;97.485;166.28;104.99;151.2;327.77;70.081
23.04.2018;160.67;1517.86;97.395;165.84;104.47;151.42;318.69;69.322
24.04.2018;158.4;1460.09;96.725;159.69;104;149.83;307.02;68.846
25.04.2018;159.11;1460.17;98.368;159.69;103.6;148.51;305.76;68.655
26.04.2018;159.67;1517.96;97.095;174.16;103.7;151.33;313.98;69.085
27.04.2018;157.83;1572.62;96.502;173.59;103.04;150.76;311.76;69.139
30.04.2018;160.69;1566.13;97.571;172;102.47;159.47;312.46;68.694
01.05.2018;164.42;1582.26;97.309;173.86;102.47;155.67;313.3;68.335
02.05.2018;171.66;1569.68;96.881;176.07;101.64;153.03;313.36;67.366
03.05.2018;171.97;1572.08;96.045;174.02;101.01;152.46;311.69;67.764
04.05.2018;178.74;1580.95;98.368;176.61;102.13;157.18;320.09;68.781
07.05.2018;180.03;1600.14;99.66;177.97;103.01;157.15;326.26;68.353
08.05.2018;180.9;1592.39;98.987;178.92;104.53;156.92;326.89;67.84
09.05.2018;182.16;1608;97.222;182.66;106.83;156.42;330.3;68.723
10.05.2018;184.76;1609.08;98.882;185.53;107.64;157.22;329.6;69.463
11.05.2018;184.07;1603.32;99.265;186.99;107.23;157.51;326.46;69.673
14.05.2018;183.64;1601.54;99.62;186.64;107.27;156.87;328.53;69.587
15.05.2018;181.96;1576.12;100.09;184.32;106.46;155.29;326.13;69.272
16.05.2018;183.67;1587.28;102.15;183.2;106.77;155.12;328.19;69.825
17.05.2018;182.51;1581.76;101.47;183.76;106.39;153.63;325.22;70.233
18.05.2018;181.84;1574.37;101.07;182.68;104.67;153.32;324.18;69.749
21.05.2018;183.13;1585.46;101.2;184.49;105.62;153.79;331.82;70.327
22.05.2018;182.68;1581.4;101.21;183.8;106.44;151.85;331.62;70.3
23.05.2018;183.85;1601.86;100.06;186.9;105.95;153.93;344.72;70.443
24.05.2018;183.64;1603.07;99.305;185.93;104.77;154.65;349.29;70.052
25.05.2018;184.06;1610.15;99.394;184.92;104.22;155.44;351.29;70.566
29.05.2018;183.39;1612.87;96.949;185.74;99.78;152.97;349.73;70.318
30.05.2018;183;1624.89;97.231;187.67;102.05;154.12;353.54;71.117
31.05.2018;182.39;1629.62;96.734;191.78;100.79;152.39;351.6;69.482
01.06.2018;185.68;1641.54;96.628;193.99;102.1;152.55;359.93;69.749
04.06.2018;187.24;1665.27;97.485;193.28;102.15;153.56;361.81;70.443
05.06.2018;188.67;1696.35;97.192;192.94;101.56;152.84;365.8;70.242
06.06.2018;189.33;1695.75;99.106;191.34;103.95;155.64;367.45;70.604
07.06.2018;188.82;1689.3;99.65;188.18;104.36;162.43;361.4;71.944
08.06.2018;187.12;1683.99;101.12;189.1;104.65;161.88;360.57;73.292
11.06.2018;186.65;1689.12;101.48;191.54;104.39;159.58;361.45;73.624
12.06.2018;187.66;1698.75;101.46;192.4;103.78;159.8;363.83;73.348
13.06.2018;186.13;1704.86;103.39;192.41;103.59;159.67;379.93;72.616
14.06.2018;186.23;1723.86;105.76;196.81;101.75;160.11;392.87;72.161
15.06.2018;184.32;1715.97;105.86;195.85;101.62;159.55;391.98;73.481
18.06.2018;184.22;1723.79;104.12;198.31;101.9;159.37;390.4;72.018
19.06.2018;181.24;1734.78;103.18;197.49;101.29;158.12;404.98;72.484
20.06.2018;182.02;1750.08;104.21;202;101.28;155.8;416.76;72.028
21.06.2018;181.02;1730.22;102.98;201.5;101.27;153.86;415.44;72.589
22.06.2018;180.49;1715.67;103.42;201.74;99.6;157.71;411.09;73.528
25.06.2018;177.8;1663.15;101.58;196.35;98.704;153.17;384.48;73.87
26.06.2018;180.01;1691.09;101.39;199;98.764;154.21;399.39;74.069
27.06.2018;179.74;1660.51;101.1;195.84;97.237;150.88;390.39;73.775
28.06.2018;181.06;1701.45;101.89;196.23;98.823;149.82;395.42;74.117
29.06.2018;180.67;1699.8;101.93;194.32;98.143;150.18;391.43;74.127
02.07.2018;182.7;1713.78;102.44;197.36;98.962;150.34;398.18;74.192
03.07.2018;179.5;1693.96;101.18;192.73;97.588;149.98;390.52;73.974
05.07.2018;180.96;1699.73;102.45;198.45;98.222;150.78;398.39;75.219
06.07.2018;183.46;1710.63;102.71;203.23;98.546;152.78;408.25;75.314
09.07.2018;186.01;1739.02;103.93;204.74;101.58;153.3;418.97;73.936
10.07.2018;185.78;1743.07;103.94;203.54;100.98;153.95;415.63;75.797
11.07.2018;183.37;1755;105.92;202.54;100.75;152.03;418.65;75.169
12.07.2018;186.46;1796.62;106.12;206.92;101.2;152.51;413.5;74.913
13.07.2018;186.75;1813.03;107.83;207.32;100.72;151.92;395.8;75.314
16.07.2018;186.34;1822.49;108.03;207.23;104.72;152.18;400.48;75.522
17.07.2018;186.87;1843.93;108.13;209.99;104.64;153.11;379.48;75.997
18.07.2018;185.83;1842.92;108.51;209.36;105.61;151.36;375.13;75.702
19.07.2018;187.29;1812.97;109.93;208.09;104.06;150.87;364.23;75.445
20.07.2018;186.86;1813.7;109.29;209.94;105.39;151.4;361.05;75.396
23.07.2018;187.03;1802;108.9;210.91;107.33;152.16;362.66;75.233
24.07.2018;188.37;1829.24;108.52;214.67;108.12;151.37;357.32;75.693
25.07.2018;190.14;1863.61;108.99;217.5;109.08;152.28;362.87;76.153
26.07.2018;189.56;1808;111.28;176.26;108.75;149.64;363.09;76.747
27.07.2018;186.41;1817.27;110.4;174.89;109.88;150.94;355.21;77.217
30.07.2018;185.35;1779.22;110.41;171.06;110.55;152.05;334.96;76.852
31.07.2018;185.72;1777.44;111.33;172.58;108.85;151;337.45;77.504
01.08.2018;196.68;1797.17;110.75;171.65;109.53;150.39;338.38;77.285
02.08.2018;202.42;1834.33;110.53;176.37;109.99;148.95;344.5;78.578
03.08.2018;203;1823.29;111.84;177.78;110.89;149.71;343.09;78.893
06.08.2018;204.07;1847.75;113.66;185.69;110.92;150.21;350.92;79.075
07.08.2018;202.14;1862.48;114.27;183.81;111.31;149.55;351.83;79.191
08.08.2018;202.28;1886.52;111.73;185.18;111.55;152.31;347.61;78.913
09.08.2018;203.88;1898.52;111.91;183.09;110.69;152.67;349.36;78.003
10.08.2018;203.27;1886.3;110.46;180.26;109.59;152.09;345.87;78.032
13.08.2018;204.56;1896.2;109.92;180.05;107.86;151.57;341.31;78.117
14.08.2018;205.44;1919.65;110.53;181.11;108.57;153.93;337.49;77.916
15.08.2018;205.92;1882.62;110.63;179.53;107.67;153.24;326.4;78.865
16.08.2018;208.93;1886.52;110.26;174.7;108.68;155.01;322.44;80.197
17.08.2018;213.1;1882.22;110.26;173.8;108.68;154.44;316.78;80.197
20.08.2018;211.02;1876.71;109.79;172.5;108.54;154.97;327.73;80.149
21.08.2018;210.62;1883.42;110.17;172.62;109.22;154.33;338.02;80.399
22.08.2018;210.63;1904.9;109.74;173.64;108.87;153.88;344.44;79.91
23.08.2018;211.05;1902.9;109.8;172.9;108.65;152.44;339.17;79.766
24.08.2018;211.72;1905.39;109.73;174.645;108.6;152.74;358.82;79.88
27.08.2018;213.45;1927.68;110.12;177.46;110.53;153.81;364.58;79.957
28.08.2018;215.19;1932.82;110.36;176.26;109.98;154.93;368.49;79.996
29.08.2018;218.39;1998.1;110.23;175.9;109.61;156.33;368.04;80.006
30.08.2018;220.41;2002.38;109.72;177.64;109.09;156.02;370.98;79.929
31.08.2018;222.95;2012.71;109.82;175.73;108.5;156.46;367.68;79.487
04.09.2018;223.68;2039.51;108.67;171.16;109.05;155.95;363.6;79.249
05.09.2018;222.2;1994.82;107.7;167.18;108.51;157.42;341.18;79.813
06.09.2018;218.51;1958.31;108.09;162.53;108.07;157.91;346.46;79.2
07.09.2018;216.76;1952.07;108.79;163.04;108.26;158.07;348.68;78.492
10.09.2018;213.84;1939.01;108.5;164.18;107.68;159.19;348.41;78.942
11.09.2018;219.25;1987.15;107.45;165.94;108.35;158.76;355.93;78.587
12.09.2018;216.53;1990;107.31;162;107.09;158.88;369.95;79.641
13.09.2018;221.75;1989.87;108.49;161.36;107.49;156.62;368.15;79.967
14.09.2018;219.24;1970.19;107.11;162.32;107.47;155.12;364.56;80.121
17.09.2018;213.39;1908.03;107.21;160.58;107.81;152.52;350.35;80.733
18.09.2018;213.75;1941.05;107.38;160.3;108.25;152.16;367.65;80.494
19.09.2018;213.88;1926.42;107.63;163.06;111.38;153.51;366.96;80.494
20.09.2018;215.5;1944.3;109.42;166.02;112.33;155.07;365.36;81.797
21.09.2018;213.18;1915.01;108.23;162.93;111.61;159.42;361.19;82.238
24.09.2018;216.25;1934.36;110.55;165.41;110.54;157.49;369.61;80.753
25.09.2018;217.62;1974.55;111.4;164.91;110.22;160.49;369.43;79.651
26.09.2018;215.89;1974.85;112.94;166.95;108.92;159.86;377.88;79.786
27.09.2018;220.33;2012.98;113.76;168.84;108.44;160.6;380.71;79.402
28.09.2018;221.11;2003;114.64;164.46;106.87;161.34;374.13;79.756
01.10.2018;222.58;2004.36;113.96;162.44;107.47;160.73;381.43;80.177
02.10.2018;224.56;1971.31;115.34;159.33;107.94;159.3;377.14;80.839
03.10.2018;227.3;1952.76;114.61;162.43;108.94;158.8;377.05;79.565
04.10.2018;223.31;1909.42;113.85;158.85;109.92;159.9;363.65;78.501
05.10.2018;219.69;1889.65;112.53;157.33;109.31;160.63;351.35;78.72
08.10.2018;219.17;1864.42;113.74;157.25;109.97;161.81;349.1;78.961
09.10.2018;222.2;1870.32;114.59;157.9;109.22;163.78;355.71;78.769
10.10.2018;211.92;1755.25;110.64;151.38;106.3;162.37;325.89;78.042
11.10.2018;210.04;1719.36;108.96;153.35;103.12;157.18;321.1;75.578
12.10.2018;217.54;1788.61;110.39;153.74;101.99;157.99;339.56;75.761
15.10.2018;212.89;1760.95;111.21;153.52;101.4;157.84;333.13;76.786
16.10.2018;217.58;1819.96;113.91;158.78;103.59;158.23;346.4;77.628
17.10.2018;216.65;1831.73;114.82;159.42;104.74;160.83;364.7;78.444
18.10.2018;211.58;1770.72;113.9;154.92;103.08;160.87;346.71;77.574
19.10.2018;214.81;1764.03;116.55;154.05;102.9;161.54;332.67;84.4
22.10.2018;216.11;1789.3;115.95;154.78;101.42;160.69;329.54;83.722
23.10.2018;218.15;1768.7;115.53;154.39;100.37;170.85;333.16;84.264
24.10.2018;210.67;1664.2;109.41;146.04;98.506;171.03;301.83;86.486
25.10.2018;215.28;1782.17;111.91;150.95;100;169.07;312.87;86.043
26.10.2018;211.86;1642.81;110.97;145.37;98.625;167.16;299.83;84.94
29.10.2018;207.88;1538.88;110.82;142.09;99.99;167.06;284.84;85.308
30.10.2018;208.91;1530.42;112.51;146.22;101.75;172.14;285.81;86.226
31.10.2018;214.36;1598.01;112.58;151.79;103.97;170.61;301.78;85.733
01.11.2018;217.65;1665.53;113.82;151.75;103.93;168.65;317.38;86.612
02.11.2018;203.22;1665.53;112.91;150.35;103.36;170.46;309.1;86.825
05.11.2018;197.45;1627.8;113.17;148.68;104.04;173.97;315.44;88.168
06.11.2018;199.58;1642.81;114.41;149.94;104.51;176.21;310.84;88.468
07.11.2018;205.63;1755.49;114.75;151.53;106.31;177.69;327.5;88.257
08.11.2018;204.91;1754.91;113.72;147.87;107.16;178.87;317.92;88.323
09.11.2018;200.97;1712.43;115.68;144.96;106.13;179.32;303.47;89.339
12.11.2018;190.85;1636.85;114.4;141.55;103.9;177.81;294.07;89.62
13.11.2018;188.94;1631.17;114.55;142.16;104.5;177.46;294.4;90.362
14.11.2018;183.6;1599.01;114.81;144.22;102.37;177.3;286.73;90.382
15.11.2018;188.12;1619.44;114.8;143.85;104.96;177.02;290.06;90.712
16.11.2018;190.21;1593.41;113.91;139.53;104.89;180.91;286.21;90.702
19.11.2018;182.68;1512.29;113.15;131.55;105.69;180.09;270.6;90.189
20.11.2018;173.95;1495.46;109.67;132.43;103.43;177.16;266.98;89.039
21.11.2018;173.76;1516.73;110.81;134.82;102.64;176.22;262.13;88.372
23.11.2018;169.33;1502.06;109.88;131.73;101.7;175.45;258.82;88.498
26.11.2018;171.61;1581.33;110.33;136.38;104.19;177.34;261.43;88.885
27.11.2018;171.25;1581.42;111.65;135;104.63;178.07;266.63;89.639
28.11.2018;177.84;1677.75;113.82;136.76;105.79;181.17;282.65;89.919
29.11.2018;176.47;1673.57;114.32;138.68;104.96;182.52;288.75;89.735
30.11.2018;175.52;1690.17;113.21;140.61;106.03;182.93;286.13;91.369
03.12.2018;181.65;1772.36;113.46;141.09;107.04;179.88;290.3;90.219
04.12.2018;173.68;1668.4;110.65;137.93;102.27;179.56;275.33;90.209
06.12.2018;171.71;1699.19;112.08;139.63;100.31;179.96;282.88;90.442
07.12.2018;165.61;1629.13;110.63;137.42;98.506;177.54;265.14;89.378
10.12.2018;166.69;1641.03;110.51;141.85;96.661;179.17;269.7;89.939
11.12.2018;165.75;1643.24;110.62;142.08;95.713;178.16;265.32;90.789
12.12.2018;166.21;1663.54;110.86;144.5;96.339;178.05;274.88;90.906
13.12.2018;168.02;1658.38;112.02;145.01;96.436;180.9;276.02;93.283
14.12.2018;162.64;1591.91;110.85;144.06;95.64;177.86;266.84;93.427
17.12.2018;161.13;1520.91;109.29;140.19;94.419;175.43;262.8;89.687
18.12.2018;163.23;1551.48;108.13;143.66;93.971;174.39;270.94;89.416
19.12.2018;158.13;1495.08;107.9;133.24;92.778;173.85;266.77;88.71
20.12.2018;154.14;1460.83;105.71;133.4;91.977;168.54;260.58;87.957
21.12.2018;148.14;1377.45;102.96;124.95;89.802;168.99;246.39;87.947
24.12.2018;144.32;1343.96;99.136;124.06;87.867;165.23;233.88;84.456
26.12.2018;154.48;1470.9;104.55;134.18;91.51;168.87;253.67;87.096
27.12.2018;153.47;1461.64;105.23;134.52;92.539;170.5;255.565;88.963
28.12.2018;153.55;1478.02;106;133.2;92.34;170.35;256.08;88.149
31.12.2018;155.04;1501.97;108.33;131.09;93.094;172.31;267.66;88.865
02.01.2019;155.22;1539.13;107.66;135.68;94.706;170.85;267.66;88.247
03.01.2019;139.76;1500.28;105.05;131.74;93.36;169.72;271.2;87.627
04.01.2019;145.71;1575.39;108.29;137.95;96.805;172.99;297.57;89.416
07.01.2019;145.38;1629.51;109.23;138.05;96.863;174.88;315.34;89.059
08.01.2019;148.16;1656.58;110.07;142.53;96.688;175.25;320.27;89.388
09.01.2019;150.68;1659.42;111.31;144.23;96.525;174.95;319.96;87.927
10.01.2019;151.16;1656.22;111.44;144.2;96.515;176.17;324.66;88.141
11.01.2019;149.68;1640.56;111.29;143.8;96.051;176.96;337.59;88.72
14.01.2019;147.44;1617.21;111.06;145.39;97.039;175.85;332.94;88.122
15.01.2019;150.46;1674.56;110.41;148.95;97.754;175.65;354.64;88.953
16.01.2019;152.29;1683.78;109.57;147.54;98.536;174.04;351.39;88.333
17.01.2019;153.18;1693.22;109.67;148.3;98.942;175.74;353.19;88.323
18.01.2019;154.13;1696.2;109.7;150.04;100.56;177.15;339.1;89.084
22.01.2019;150.67;1632.17;109.27;147.57;98.962;179.1;325.16;88.129
23.01.2019;151.27;1640.02;109.78;144.3;98.714;180.57;321.99;92.417
24.01.2019;150.09;1654.93;109.22;145.83;98.774;181.82;326.67;91.889
25.01.2019;155.06;1670.57;109.75;149.01;99.397;178.55;338.05;91.208
28.01.2019;153.62;1637.89;109.47;147.47;99.87;178.17;335.66;91.13
29.01.2019;152.03;1593.88;109.56;144.19;100.14;176.77;328.9;91.15
30.01.2019;162.41;1670.43;108.8;150.42;100.38;176.39;340.66;92.105
31.01.2019;163.59;1718.73;110.17;166.69;99.496;173.48;339.5;94.005
01.02.2019;163.66;1626.23;109.95;165.71;99.87;171.48;339.85;94.979
04.02.2019;168.32;1633.31;110.45;169.25;100.22;172.29;351.34;95.525
05.02.2019;171.19;1658.81;111.3;171.16;99.78;172.31;355.81;94.95
06.02.2019;171.25;1640.26;110.06;170.49;99.73;170.96;352.19;95.418
07.02.2019;168.01;1614.37;109.61;166.38;98.429;170.09;344.71;94.657
08.02.2019;168.21;1588.22;110.16;167.33;97.441;169.57;347.57;95.212
11.02.2019;167.24;1591;108.12;165.79;96.979;169.09;345.73;95.758
12.02.2019;168.68;1638.01;107.88;165.04;98.635;168.81;359.97;96.722
13.02.2019;167.98;1640;108.87;164.07;99.11;168.99;351.77;96.705
14.02.2019;168.59;1622.65;109.33;163.95;98.468;170.66;359.07;95.944
15.02.2019;168.22;1607.95;111.23;162.5;101.47;174.63;356.87;95.963
19.02.2019;168.72;1627.58;112.14;162.29;101.12;173.94;361.92;97.435
20.02.2019;169.81;1622.1;112.31;162.56;101.6;175.14;359.91;96.742
21.02.2019;168.85;1619.44;112.91;160.04;101.39;177.39;356.97;97.23
22.02.2019;170.74;1631.56;113.86;161.89;100.95;177.74;363.02;97.685
25.02.2019;171.97;1633;112.22;164.62;102;177.19;363.91;97.025
26.02.2019;172.07;1636.4;112.13;164.13;101.23;177.78;364.97;97.279
27.02.2019;172.61;1641.09;111.42;162.81;101.1;177.93;362.87;96.382
28.02.2019;170.92;1639.83;111.48;161.45;100.33;179.53;358.1;96.032
01.03.2019;172.71;1671.73;112.64;162.28;100.4;180.7;357.32;95.924
04.03.2019;173.59;1696.17;112.95;167.37;100.16;176.36;351.04;96.344
05.03.2019;173.27;1692.43;112.63;171.26;100.08;177.09;354.3;96.558
06.03.2019;172.26;1668.95;113.46;172.51;99.71;177.76;359.61;96.402
07.03.2019;170.28;1625.95;112.64;169.13;98.991;176.29;352.6;96.032
08.03.2019;170.68;1620.8;112.44;169.6;99.031;175.28;349.6;95.894
11.03.2019;176.59;1670.62;113.36;172.07;100.32;176.83;358.86;97.035
12.03.2019;178.58;1673.1;113.34;171.92;100.02;177.56;356.27;97.493
13.03.2019;179.35;1690.81;112.71;173.37;100.36;177.79;361.21;98.597
14.03.2019;181.36;1686.22;113.1;170.17;101.28;178.45;358.82;98.735
15.03.2019;183.72;1712.36;113.57;165.98;102.45;180.98;361.46;99.83
18.03.2019;185.59;1742.15;111.75;160.47;103.05;179.64;363.44;98.912
19.03.2019;184.12;1761.85;108.67;161.57;102.66;178.81;358.78;99.3
20.03.2019;185.73;1797.27;108.66;165.44;100.49;180.63;375.22;99.121
21.03.2019;192.56;1819.26;107.35;166.08;98.892;182;377.87;99.87
22.03.2019;188.58;1764.77;106.92;164.34;95.906;182.42;361.01;99.062
25.03.2019;186.31;1774.26;106.49;166.29;95.109;181.37;366.23;99.36
26.03.2019;184.38;1783.76;108.81;167.68;96.061;183.08;359.97;100.38
27.03.2019;186.04;1765.7;108.95;165.87;95.733;183.11;353.37;100.26
28.03.2019;186.29;1773.42;109.37;165.55;96.824;184.95;354.61;100.9
29.03.2019;187.5;1780.75;109.69;166.69;97.315;185.44;356.56;101.39
01.04.2019;188.77;1814.19;111.15;168.7;100.6;183.96;366.96;100.99
02.04.2019;191.52;1813.98;110.61;174.2;101.08;183.93;367.72;101.1
03.04.2019;192.82;1820.7;111.16;173.54;101.28;183.93;369.75;101.04
04.04.2019;193.16;1818.86;113.36;176.02;102.27;185.41;367.88;100.79
05.04.2019;194.45;1837.28;113.61;175.72;102.02;186.23;365.49;101
08.04.2019;197.52;1849.86;113.57;174.93;102.36;185.39;361.41;102.29
09.04.2019;196.92;1835.84;115.45;177.58;101.58;185.62;364.71;101.98
10.04.2019;198.02;1847.33;115.75;177.82;102.05;184.78;363.92;101.97
11.04.2019;196.38;1844.07;115.19;177.51;102.9;184.45;367.65;102.07
12.04.2019;196.3;1843.06;128.49;179.1;107.73;187.1;351.14;102.38
15.04.2019;196.66;1844.87;130.45;179.65;106.5;187.35;348.87;103.02
16.04.2019;196.68;1863.04;128.33;178.87;107.62;187.2;359.46;103.7
17.04.2019;200.5;1864.82;130.16;178.78;110.73;187.11;354.74;103.88
18.04.2019;201.22;1861.69;130.85;178.28;109.91;190.34;360.35;104.07
22.04.2019;201.89;1887.31;130.09;181.44;110.05;189.37;377.34;104.03
23.04.2019;204.79;1923.77;131.75;183.78;110.19;190.68;381.89;101.24
24.04.2019;204.48;1901.75;133.47;182.58;110;193;374.23;101.76
25.04.2019;202.63;1902.25;135.59;193.26;110.06;193.28;368.33;101.36
26.04.2019;201.66;1950.63;138.23;191.49;110.9;192.79;374.85;103.89
29.04.2019;201.97;1938.43;137.62;194.78;112.48;192.5;371.83;102.83
30.04.2019;198.07;1926.52;135.32;193.4;112.41;192.94;370.54;104.49
01.05.2019;207.8;1911.52;134.73;193.03;111.56;189.61;378.81;102.97
02.05.2019;206.45;1900.82;132.52;192.53;111.8;190.04;379.06;103.59
03.05.2019;209.01;1962.46;132.7;195.47;112.48;192.89;385.03;104.1
06.05.2019;205.78;1950.55;133.37;193.88;111.49;194.23;378.67;103.71
07.05.2019;200.24;1921;131.83;189.77;109.67;193.39;370.46;102.75
08.05.2019;200.27;1917.77;133.36;189.54;109.09;193.38;364.37;103.11
09.05.2019;198.12;1899.87;131.98;188.65;109;193.09;362.75;102.3
10.05.2019;195.38;1889.98;132.43;188.34;108.99;195.3;361.04;104.03
13.05.2019;184.03;1822.68;129.75;181.54;106.03;194.36;345.26;104.13
14.05.2019;186.95;1840.12;131.59;180.73;106.87;193.36;345.61;103.63
15.05.2019;189.18;1871.15;133.05;186.27;106.46;194.4;354.99;104.71
16.05.2019;188.34;1907.57;133.87;186.99;107.83;195.3;359.31;106.09
17.05.2019;187.28;1869;133.41;185.3;107.3;194.55;354.45;105.44
20.05.2019;181.42;1858.97;132.3;182.72;107.87;194.32;348.11;105.33
21.05.2019;184.89;1857.52;132.47;184.82;108.24;195.15;354.27;104.39
22.05.2019;181.11;1859.68;132.24;185.32;107.35;195.27;359.73;104.73
23.05.2019;178.02;1815.48;131.12;180.87;105.25;194.3;352.21;104.77
24.05.2019;177.34;1823.28;131.18;181.06;106.28;193.13;354.39;104.7
28.05.2019;176.61;1836.43;131.02;184.31;105.13;192.05;354.78;102.51
29.05.2019;175.76;1819.19;129.98;182.19;104.84;191.42;349.19;102.25
30.05.2019;176.68;1816.32;130.61;183.01;103.72;194.57;351.85;103.37
31.05.2019;173.48;1775.07;130.45;177.47;102.64;194.75;343.28;100.99
03.06.2019;171.71;1692.69;130.87;164.15;103.13;195.25;336.63;101.86
04.06.2019;178;1729.56;133.19;167.5;106.31;196.09;353.4;102.73
05.06.2019;180.88;1738.5;134.3;168.17;106.69;196.58;355.73;104.74
06.06.2019;183.53;1754.36;135.56;168.33;106.92;199.44;357.13;105.38
07.06.2019;188.41;1804.03;136.37;173.35;105.74;201.84;360.87;106.75
10.06.2019;190.83;1860.63;135.42;174.82;106.89;197.72;352.01;106.7
11.06.2019;193.03;1863.7;133.45;178.1;107.22;199.65;351.27;107.34
12.06.2019;192.41;1855.32;134.08;175.04;105.85;201.29;345.56;107.63
13.06.2019;192.38;1870.3;140.03;177.47;106.12;200.85;343.43;108.84
14.06.2019;190.99;1869.67;139.94;181.33;106.38;201.65;339.73;109.12
17.06.2019;192.12;1886.03;139.27;189.01;105.8;200.2;350.62;108.92
18.06.2019;196.64;1901.37;137.56;188.47;107.25;200.87;357.12;107.56
19.06.2019;196.06;1908.79;139.22;187.48;106.47;200.91;363.52;108.37
20.06.2019;197.65;1918.19;140.31;189.53;106.75;201.48;365.21;109.66
21.06.2019;196.97;1911.3;138.54;191.14;106.02;200.64;369.21;109.12
24.06.2019;196.77;1913.9;137.54;192.6;105.27;200.31;371.04;110.24
25.06.2019;193.79;1878.27;138.25;188.84;104.39;202.07;360.3;109.64
26.06.2019;197.97;1897.83;138.71;187.66;105.09;200.91;362.2;107.68
27.06.2019;197.91;1904.28;137.62;189.5;105.43;202.61;370.02;107.73
28.06.2019;196.11;1893.63;137.95;193;108.3;203.97;367.32;107.6
01.07.2019;199.72;1922.19;139.94;193;110.13;202.63;374.6;108.44
02.07.2019;200.88;1934.31;140.81;195;110.23;205.86;375.43;109.4
03.07.2019;202.55;1939;141.25;197.2;110.07;209.03;381.72;111.95
05.07.2019;202.37;1942.91;141.6;196.4;110.72;207.49;380.55;111.04
08.07.2019;198.19;1952.32;140.18;195.76;110.12;208.4;376.16;111.93
09.07.2019;199.41;1988.3;140.77;199.21;110.58;208.33;379.93;110.8
10.07.2019;201.37;2017.41;142.69;202.73;110.25;209.22;381;111.63
11.07.2019;199.92;2001.07;142.71;201.23;111.31;208.91;379.5;112.24
12.07.2019;201.44;2011;144.02;204.87;112.48;209.21;373.25;112.85
15.07.2019;203.34;2020.99;144.2;203.91;111.12;210.4;366.6;113.33
16.07.2019;202.64;2009.9;143.44;203.84;112.31;209.94;365.99;113.73
17.07.2019;201.49;1992.03;141.72;201.8;111.2;209.93;362.44;113.77
18.07.2019;203.79;1977.9;140.79;200.78;111.87;212.07;325.21;114.02
19.07.2019;200.74;1964.52;139.02;198.36;110.77;210.09;315.1;113.61
22.07.2019;205.33;1985.63;140;202.32;111.48;211.19;310.62;113.88
23.07.2019;206.94;1994.49;140.42;202.36;113.52;210.5;307.3;112.45
24.07.2019;206.77;2000.81;140.45;204.66;113.98;209;317.94;111.22
25.07.2019;205.13;1973.82;142.36;200.71;112.89;210.63;326.46;111.39
26.07.2019;205.84;1943.05;143.79;199.75;113.38;211.75;335.78;113.33
29.07.2019;207.77;1912.45;145.52;195.94;113.03;211.17;332.7;114.58
30.07.2019;206.88;1898.53;144.07;197.04;112.77;208.56;325.93;118.93
31.07.2019;211.09;1866.78;142.16;194.23;113.17;206.98;322.99;116.6
01.08.2019;206.53;1855.32;141.01;192.73;110.19;207.5;319.5;115.31
02.08.2019;202.16;1823.24;140.87;189.02;110.18;210.67;318.83;115.02
05.08.2019;191.58;1765.13;137.48;181.73;106.9;206.72;307.63;111.7
06.08.2019;195.2;1787.83;141.03;184.51;107.73;210.27;310.1;112.88
07.08.2019;197.23;1793.4;134.06;185.15;105.39;212.99;304.29;114.1
08.08.2019;201.57;1832.89;137.07;190.16;107.18;214.14;315.9;116
09.08.2019;199.92;1807.58;137.7;187.85;107.07;217.23;308.93;115.34
12.08.2019;199.41;1784.92;134.99;185.37;105.12;213.31;310.83;114.61
13.08.2019;207.85;1824.34;136.19;188.45;106.67;215.83;312.28;115.81
14.08.2019;201.66;1762.96;132.06;179.71;102.25;212.64;299.11;114.37
15.08.2019;200.66;1776.12;132.62;182.59;102.62;214.4;295.76;115.95
16.08.2019;205.39;1792.57;134.39;183.7;105.09;214.6;302.8;117.72
19.08.2019;209.22;1816.12;134.48;186.17;106.04;214.9;309.38;118.76
20.08.2019;209.23;1801.38;134.33;183.81;104.69;214.6;298.99;117.44
21.08.2019;211.5;1823.54;134.95;183.55;104.98;216.79;297.81;117.74
22.08.2019;211.32;1805.6;135.27;182.04;106.07;215.6;296.93;117.96
23.08.2019;201.55;1749.62;130.89;177.75;103.44;210.85;291.44;115.88
26.08.2019;205.38;1768.87;133.81;180.36;104.26;213.07;294.98;117.86
27.08.2019;203.07;1761.83;133.69;181.3;103.16;212.21;291.03;119.07
28.08.2019;204.42;1764.25;135.74;181.76;104.19;214.2;291.77;119.92
29.08.2019;207.89;1786.4;137.02;185.57;106.55;216.62;296.78;119.7
30.08.2019;207.63;1776.29;136.44;185.67;107.18;215.23;293.75;118.75
03.09.2019;204.59;1789.84;135.5;182.39;105.91;214.41;289.29;119.88
04.09.2019;208.07;1800.62;137.07;187.14;107.19;215.76;291.52;121.7
05.09.2019;212.14;1840.72;138.01;190.9;109.63;216.73;293.25;121.26
06.09.2019;212.12;1833.51;138.72;187.49;109.87;217.27;290.17;121.37
09.09.2019;213.02;1831.35;138;188.76;112.58;214.54;294.34;120.67
10.09.2019;215.54;1820.55;134.98;186.17;114.02;207.04;287.99;118.42
11.09.2019;222.39;1822.99;135.38;188.49;114.33;207.56;288.27;119.79
12.09.2019;221.89;1843.55;136.68;187.47;115.02;209.49;288.86;121.27
13.09.2019;217.58;1839.34;137.2;187.19;117.29;207.17;294.15;120.62
16.09.2019;218.72;1807.84;134.99;186.22;116.25;204.8;294.29;118.29
17.09.2019;219.52;1822.55;135.5;188.08;115.68;207.21;298.6;119.68
18.09.2019;221.57;1817.46;135.99;188.14;116.84;207.79;291.56;119.93
19.09.2019;219.78;1821.5;132.51;190.14;116.46;207.88;286.6;120.4
20.09.2019;216.57;1794.16;131.48;189.93;116;206.77;270.75;120.74
23.09.2019;217.55;1785.3;131.67;186.82;115.98;208.88;265.92;121.71
24.09.2019;216.52;1741.61;131.18;181.28;114.47;209.36;254.59;122.09
25.09.2019;219.85;1768.33;132.3;182.8;115.11;209.97;264.75;121.51
26.09.2019;218.71;1739.84;130.49;180.11;114.17;209.94;263.31;122.79
27.09.2019;217.65;1725.45;129.19;177.1;114.85;210.48;263.08;123.05
30.09.2019;222.77;1735.91;129.54;178.08;114.82;212.01;267.62;122.86
01.10.2019;223.39;1735.65;128.78;175.81;112.73;206.4;269.58;122.33
02.10.2019;217.78;1713.23;128.37;174.6;110.48;203.69;268.03;119.6
03.10.2019;219.64;1724.42;127.39;179.38;110.32;207.39;268.15;120.25
04.10.2019;225.79;1739.65;129.49;180.45;112.72;209.03;272.79;122.48
07.10.2019;225.84;1732.66;130.12;179.68;112.47;209.26;274.46;121.34
08.10.2019;223.2;1705.51;127.7;177.75;109.97;208.47;270.72;119.45
09.10.2019;225.81;1721.99;128.56;179.85;110.76;210.15;267.53;120.48
10.10.2019;228.86;1720.26;128.57;180.03;112.31;209.1;280.48;120.44
11.10.2019;234.94;1731.92;129.25;184.19;114.21;206.4;282.93;119.61
14.10.2019;234.6;1736.43;128.93;183.28;114.52;205.76;285.53;118.58
15.10.2019;234.06;1767.38;128.99;188.89;117.96;204.62;284.25;115.76
16.10.2019;233.12;1777.43;130.08;189.55;117.7;205.68;286.28;116.09
17.10.2019;234.02;1787.48;131.58;190.39;118.35;204.25;293.35;115.94
18.10.2019;235.14;1757.51;130.11;185.85;118.56;205.88;275.3;116.78
21.10.2019;239.22;1785.66;129.48;189.76;121.5;207.21;278.05;118.38
22.10.2019;238.67;1765.73;131.61;182.34;122.71;196.77;266.69;121.46
23.10.2019;241.88;1762.17;130.35;186.15;123.04;196.71;271.27;122.27
24.10.2019;242.28;1780.78;129.48;186.38;122.95;193.56;271.5;124.05
25.10.2019;245.26;1761.33;130.12;187.89;123.94;192.17;276.82;122.52
28.10.2019;247.71;1777.08;129.75;189.4;124.41;189.37;281.86;122.75
29.10.2019;241.99;1762.71;128.71;189.31;124.33;190.2;281.21;122.87
30.10.2019;241.96;1779.99;128.83;188.25;123.65;194.42;291.45;124.2
31.10.2019;247.43;1776.66;129.15;191.65;122.84;194.23;287.41;123.77
01.11.2019;254.45;1791.44;131.96;193.62;125.67;191.51;286.81;123.14
04.11.2019;256.12;1804.66;132.13;194.72;126.68;186.29;292.86;118.37
05.11.2019;255.75;1801.71;130.67;194.32;126.96;189.77;288.03;118.2
06.11.2019;255.86;1795.77;130.49;191.55;127.16;191.74;288.59;119.61
07.11.2019;258.82;1788.2;132.17;190.42;127.84;190.66;289.57;118.91
08.11.2019;259.52;1785.88;137.14;190.84;128.22;191.18;291.57;118.99
11.11.2019;261.58;1771.65;135.93;189.61;127.76;190.22;294.18;118.63
12.11.2019;261.34;1778;137.75;194.47;127.02;190.86;292.01;118.57
13.11.2019;263.84;1753.11;147.83;193.19;126.35;192.56;283.11;119.94
14.11.2019;262.02;1754.6;146.27;193.15;126.47;191.56;289.62;119.79
15.11.2019;265.13;1739.49;143.81;195.1;127.38;191.53;295.03;119.83
18.11.2019;266.47;1752.53;146.77;197.4;128.46;191.84;302.57;121.17
19.11.2019;265.66;1752.79;147.5;199.32;128.42;191.01;302.6;120.7
20.11.2019;262.57;1745.53;146.05;197.51;127.48;191.69;305.16;121.57
21.11.2019;261.39;1734.71;146.03;197.93;127.77;189.94;311.69;119.63
22.11.2019;261.16;1745.72;147.41;198.82;128.62;190.72;310.48;119.58
25.11.2019;265.74;1773.84;148.8;199.79;129.31;189.48;315.55;119.8
26.11.2019;263.66;1796.94;150.74;198.97;129.48;191.57;312.49;121.54
27.11.2019;267.21;1818.51;150.58;202;129.87;193.84;315.93;121.04
29.11.2019;266.62;1800.8;150.68;201.64;129.57;193.27;314.66;121.34
02.12.2019;263.53;1781.6;149.72;199.7;129.29;193.97;309.99;122
03.12.2019;258.84;1769.96;147.7;198.82;127.62;191.92;306.16;122.22
04.12.2019;261.12;1760.69;147.4;198.71;130.15;193.1;304.32;123.79
05.12.2019;264.95;1740.48;146.56;199.36;130.85;193;302.86;123.88
06.12.2019;270.07;1751.6;146.78;201.05;132.8;194.14;307.35;123.46
09.12.2019;266.29;1749.42;145.34;201.34;132.18;193.47;302.5;124.13
10.12.2019;267.84;1739.21;145.23;200.87;132.27;193.74;293.12;123.54
11.12.2019;270.13;1748.72;146.71;202.26;131.95;193.51;298.93;123.92
12.12.2019;270.82;1760.33;146.88;196.75;135.73;195.09;298.44;123.83
13.12.2019;274.5;1760.94;146.38;194.11;134.54;195.89;298.5;124.73
16.12.2019;279.2;1769.21;148.46;197.92;135.06;196.65;304.21;124.82
17.12.2019;279.75;1790.66;147.73;198.39;135.89;195.3;315.48;124.57
18.12.2019;279.08;1784.03;146.26;202.5;135.75;194.41;320.8;123.28
19.12.2019;279.36;1792.28;146.15;206.06;135.07;195.83;332.22;124.18
20.12.2019;278.78;1786.5;146.88;206.3;134.96;195.91;336.9;124.62
23.12.2019;283.33;1793;144.68;206.18;134.92;194.98;333.1;124.16
24.12.2019;283.6;1789.21;145.29;205.12;135.29;195.45;333.2;124.48
26.12.2019;289.22;1868.77;145.7;207.79;136.73;195.83;332.63;124.48
27.12.2019;289.11;1869.8;145.75;208.1;136.83;196.94;329.09;125.35
30.12.2019;290.83;1846.89;143.77;204.41;136.33;195.69;323.31;123.73
31.12.2019;292.95;1847.84;144.63;205.25;137.09;196.38;323.57;124.16